date,longitude,latitude
12/15/25 0:56,14.4977,-22.9498
12/15/25 1:56,14.4977,-22.9498
12/15/25 2:56,14.4978,-22.9498
12/15/25 3:56,14.4977,-22.9498
12/15/25 4:56,14.4977,-22.9498
12/15/25 5:56,14.4977,-22.9498
12/15/25 6:56,14.4977,-22.9498
12/15/25 7:56,14.4978,-22.9497
12/15/25 8:56,14.4978,-22.9498
12/15/25 9:56,14.4978,-22.9498
12/15/25 10:56,14.4978,-22.9498
12/15/25 11:56,14.4977,-22.9497
12/15/25 12:56,14.4978,-22.9497
12/15/25 13:56,14.4977,-22.9498
12/15/25 14:56,14.4989,-22.8981
12/15/25 15:56,14.3614,-22.8478
12/15/25 16:56,14.2103,-22.906
12/15/25 17:56,14.1707,-23.0775
12/15/25 18:56,14.134,-23.2378
12/15/25 19:56,14.0943,-23.4099
12/15/25 20:56,14.0548,-23.582
12/15/25 21:56,14.0148,-23.7547
12/15/25 22:56,13.9747,-23.9287
12/15/25 23:56,13.9345,-24.1022
12/16/25 0:56,13.8942,-24.2763
12/16/25 1:56,13.8536,-24.4518
12/16/25 2:56,13.8136,-24.624
12/16/25 3:56,13.7735,-24.7957
12/16/25 4:56,13.7337,-24.9661
12/16/25 5:56,13.6942,-25.1352
12/16/25 6:56,13.654,-25.3081
12/16/25 7:56,13.6129,-25.483
12/16/25 8:56,13.5707,-25.6638
12/16/25 9:56,13.5281,-25.8457
12/16/25 10:56,13.4847,-26.0292
12/16/25 11:56,13.4415,-26.2126
12/16/25 12:56,13.3972,-26.4013
12/16/25 13:56,13.3519,-26.5924
12/16/25 14:46,13.3168,-26.7422
12/16/25 15:56,13.2672,-26.9515
12/16/25 16:56,13.2245,-27.131
12/16/25 17:56,13.1816,-27.3113
12/16/25 18:56,13.1381,-27.4938
12/16/25 19:56,13.0954,-27.6727
12/16/25 20:56,13.0533,-27.8495
12/16/25 21:46,13.0173,-27.9993
12/16/25 22:56,12.9668,-28.2101
12/16/25 23:56,12.924,-28.3879
12/17/25 0:56,12.8801,-28.5703
12/17/25 1:56,12.8372,-28.7488
12/17/25 2:56,12.7938,-28.9282
12/17/25 3:56,12.75,-29.1096
12/17/25 4:56,12.7064,-29.2902
12/17/25 5:56,12.6627,-29.4698
12/17/25 6:56,12.6197,-29.6468
12/17/25 7:56,12.5764,-29.8244
12/17/25 8:56,12.5167,-29.9947
12/17/25 9:56,12.458,-30.1601
12/17/25 10:56,12.3994,-30.3245
12/17/25 11:56,12.3477,-30.4697
12/17/25 12:56,12.287,-30.6392
12/17/25 13:56,12.2251,-30.8124
12/17/25 14:56,12.1618,-30.9889
12/17/25 15:56,12.1009,-31.1584
12/17/25 16:56,12.0392,-31.3298
12/17/25 17:56,11.9764,-31.5034
12/17/25 18:56,11.9133,-31.6784
12/17/25 19:56,11.8477,-31.8599
12/17/25 20:56,11.7835,-32.0369
12/17/25 21:56,11.7187,-32.215
12/17/25 22:56,11.6528,-32.3962
12/17/25 23:56,11.5864,-32.5774
12/18/25 0:56,11.5241,-32.7479
12/18/25 1:56,11.4603,-32.9225
12/18/25 2:56,11.3965,-33.0963
12/18/25 3:56,11.3323,-33.2706
12/18/25 4:56,11.2669,-33.4486
12/18/25 5:56,11.2024,-33.6228
12/18/25 6:56,11.1401,-33.7911
12/18/25 7:56,11.0772,-33.9612
12/18/25 8:56,11.0176,-34.1227
12/18/25 9:56,10.9525,-34.2959
12/18/25 10:56,10.8896,-34.465
12/18/25 11:56,10.8226,-34.6438
12/18/25 12:56,10.7532,-34.8289
12/18/25 13:56,10.6867,-35.0064
12/18/25 14:56,10.6432,-35.1236
12/18/25 15:56,10.58,-35.2897
12/18/25 16:56,10.5143,-35.4636
12/18/25 17:56,10.4475,-35.6402
12/18/25 18:56,10.3809,-35.8162
12/18/25 19:56,10.3144,-35.9909
12/18/25 20:56,10.248,-36.1651
12/18/25 21:56,10.1801,-36.3427
12/18/25 22:56,10.1148,-36.5141
12/18/25 23:56,10.0478,-36.6887
12/19/25 0:56,9.97931,-36.8666
12/19/25 1:56,9.91042,-37.0452
12/19/25 2:56,9.8414,-37.2238
12/19/25 3:56,9.77353,-37.3993
12/19/25 4:56,9.70533,-37.5751
12/19/25 5:56,9.63746,-37.7494
12/19/25 6:56,9.56979,-37.9232
12/19/25 7:56,9.50097,-38.0991
12/19/25 8:56,9.4318,-38.2752
12/19/25 9:56,9.36278,-38.4516
12/19/25 10:56,9.29579,-38.6216
12/19/25 11:56,9.22625,-38.7974
12/19/25 12:56,9.15731,-38.9717
12/19/25 13:56,9.08951,-39.1429
12/19/25 14:56,9.02127,-39.3144
12/19/25 15:56,8.95544,-39.4795
12/19/25 16:56,8.88569,-39.654
12/19/25 17:56,8.81482,-39.831
12/19/25 18:56,8.74377,-40.0079
12/19/25 19:56,8.67365,-40.1821
12/19/25 20:56,8.60478,-40.3528
12/19/25 21:56,8.53567,-40.5233
12/19/25 22:56,8.46648,-40.6941
12/19/25 23:56,8.39442,-40.8712
12/20/25 0:56,8.32101,-41.051
12/20/25 1:56,8.24974,-41.2251
12/20/25 2:56,8.17747,-41.4013
12/20/25 3:56,8.10425,-41.5794
12/20/25 4:56,8.032,-41.7542
12/20/25 5:56,7.96107,-41.9262
12/20/25 6:56,7.88855,-42.1007
12/20/25 7:56,7.81606,-42.2753
12/20/25 8:56,7.74291,-42.4507
12/20/25 9:56,7.66887,-42.6274
12/20/25 10:56,7.59595,-42.8014
12/20/25 11:56,7.52259,-42.9762
12/20/25 12:56,7.44729,-43.1543
12/20/25 13:56,7.37276,-43.331
12/20/25 14:56,7.29628,-43.5109
12/20/25 15:56,7.22151,-43.6869
12/20/25 16:56,7.14628,-43.8626
12/20/25 17:56,7.07126,-44.0383
12/20/25 18:56,6.99564,-44.2137
12/20/25 19:56,6.92119,-44.3871
12/20/25 21:56,6.77042,-44.7358
12/20/25 22:56,6.69377,-44.9125
12/20/25 23:56,6.61824,-45.0856
12/21/25 0:56,6.54088,-45.2621
12/21/25 1:56,6.46425,-45.4372
12/21/25 2:56,6.38676,-45.613
12/21/25 3:56,6.30983,-45.7877
12/21/25 4:56,6.23187,-45.9634
12/21/25 5:56,6.15383,-46.1388
12/21/25 6:56,6.07606,-46.3138
12/21/25 7:56,5.99781,-46.4888
12/21/25 8:56,5.91968,-46.6629
12/21/25 9:56,5.84051,-46.839
12/21/25 10:56,5.76025,-47.0164
12/21/25 11:56,5.68156,-47.1907
12/21/25 12:56,5.60102,-47.3677
12/21/25 13:56,5.52036,-47.5447
12/21/25 14:56,5.43817,-47.724
12/21/25 15:56,5.35759,-47.8995
12/21/25 16:56,5.27761,-48.0737
12/21/25 17:56,5.19621,-48.2492
12/21/25 18:56,5.11528,-48.4243
12/21/25 19:56,5.03287,-48.6007
12/21/25 20:56,4.95085,-48.7762
12/21/25 21:56,4.87099,-48.9473
12/21/25 22:56,4.78731,-49.1245
12/21/25 23:56,4.706,-49.2971
12/22/25 0:56,4.62303,-49.4721
12/22/25 1:56,4.53833,-49.6501
12/22/25 2:56,4.45415,-49.8268
12/22/25 3:56,4.36984,-50.0027
12/22/25 4:56,4.28563,-50.1775
12/22/25 5:56,4.20137,-50.3525
12/22/25 6:56,4.11614,-50.5285
12/22/25 7:56,4.03274,-50.7007
12/22/25 8:56,3.94651,-50.8769
12/22/25 9:56,3.86014,-51.0533
12/22/25 10:56,3.77366,-51.2281
12/22/25 11:56,3.68771,-51.4013
12/22/25 12:56,3.60064,-51.5748
12/22/25 13:56,3.51333,-51.7496
12/22/25 14:56,3.42487,-51.9257
12/22/25 15:56,3.33592,-52.1018
12/22/25 16:56,3.24958,-52.2773
12/22/25 17:56,3.1582,-52.4512
12/22/25 18:56,3.07008,-52.6244
12/22/25 19:56,2.97941,-52.8005
12/22/25 20:56,2.8898,-52.9746
12/22/25 21:56,2.8003,-53.1475
12/22/25 22:56,2.71038,-53.3206
12/22/25 23:56,2.61943,-53.4953
12/23/25 0:56,2.52944,-53.667
12/23/25 1:56,2.43722,-53.8419
12/23/25 2:56,2.34443,-54.018
12/23/25 3:56,2.25287,-54.1905
12/23/25 4:56,2.16172,-54.3617
12/23/25 5:56,2.06923,-54.5348
12/23/25 6:56,1.97352,-54.7133
12/23/25 7:56,1.88132,-54.8895
12/23/25 8:56,1.78504,-55.0616
12/23/25 9:56,1.68951,-55.2374
12/23/25 10:56,1.59492,-55.4106
12/23/25 11:56,1.49863,-55.5856
12/23/25 12:56,1.40189,-55.7611
12/23/25 13:56,1.30473,-55.9368
12/23/25 14:56,1.20639,-56.1136
12/23/25 15:56,1.10561,-56.2936
12/23/25 16:56,1.00746,-56.4687
12/23/25 17:56,0.90775,-56.6455
12/23/25 18:56,0.81455,-56.8198
12/23/25 19:56,0.71037,-56.9927
12/23/25 22:56,0.45816,-57.5169
12/23/25 23:56,0.41771,-57.7012
12/24/25 0:56,0.39219,-57.8822
12/24/25 3:56,0.24846,-58.4375
12/24/25 4:56,0.21463,-58.6193
12/24/25 5:56,0.16156,-58.7983
12/24/25 6:56,0.11891,-58.9859
12/24/25 7:56,0.10538,-59.0741
12/24/25 10:56,0.09538,-59.0939
12/24/25 11:56,0.09563,-59.0934
12/24/25 12:56,0.10243,-59.0934
12/24/25 13:56,0.09906,-59.0963
12/24/25 14:56,0.09652,-59.0922
12/24/25 15:56,0.11309,-59.1752
12/24/25 16:56,0.10325,-59.3246
12/24/25 17:56,0.09356,-59.4738
12/24/25 18:56,0.08136,-59.6226
12/24/25 19:56,0.075,-59.7712
12/24/25 20:56,0.06943,-59.9197
12/24/25 21:56,0.06185,-60.068
12/24/25 22:56,-0.00041,-60.2128
12/24/25 23:56,0.01248,-60.3623
12/25/25 0:56,0.04633,-60.4679
12/25/25 1:56,0.06468,-60.5737
12/25/25 2:56,0.05058,-60.692
12/25/25 3:56,0.02195,-60.8125
12/25/25 4:56,0.00953,-60.9179
12/25/25 5:56,0.00103,-61.0007
12/25/25 6:56,-0.00187,-61.0002
12/25/25 7:56,0.00333,-61.0013
12/25/25 8:56,0.04215,-60.9867
12/25/25 9:56,2e-05,-61.0002
12/25/25 10:56,0.00072,-61.0004
12/25/25 11:56,-0.0061,-60.9739
12/25/25 12:56,0.03259,-61.062
12/25/25 13:56,-0.0136,-61.2281
12/25/25 14:56,0.02686,-61.3867
12/25/25 15:56,0.0104,-61.5536
12/25/25 16:46,0.00538,-61.6927
12/25/25 17:56,0.00057,-61.8829
12/25/25 18:56,-0.00664,-61.9945
12/25/25 19:56,-0.00672,-61.9796
12/25/25 20:56,-5.00E-04,-62.0003
12/25/25 21:56,0.00041,-61.9998
12/25/25 22:56,-0.01115,-61.9745
12/25/25 23:56,-0.01972,-61.9387
12/26/25 0:56,0.00108,-62.0091
12/26/25 1:56,-0.00031,-62.1863
12/26/25 2:56,-0.00024,-62.3644
12/26/25 3:56,-0.00014,-62.5398
12/26/25 4:56,7e-05,-62.7142
12/26/25 5:56,0.00116,-62.8897
12/26/25 6:56,-0.00134,-63.0009
12/26/25 7:56,-0.00027,-63.0001
12/26/25 8:56,0.00137,-62.9996
12/26/25 9:56,-0.00695,-62.9925
12/26/25 10:56,-0.02885,-62.977
12/26/25 11:56,-0.00029,-63.1205
12/26/25 12:56,0.00011,-63.2961
12/26/25 13:56,0.00016,-63.4616
12/26/25 14:56,4e-05,-63.6367
12/26/25 15:56,-0.00023,-63.814
12/26/25 16:56,-0.00029,-63.9896
12/26/25 17:56,-0.03342,-63.9804
12/26/25 18:56,-0.03845,-63.9787
12/26/25 19:56,-0.03729,-63.9786
12/26/25 20:56,-0.03712,-63.9787
12/26/25 21:56,-0.03773,-63.9796
12/26/25 22:56,-0.02929,-63.9857
12/26/25 23:56,-0.08726,-63.9898
12/27/25 0:56,-0.17242,-63.994
12/27/25 1:56,-0.13812,-63.9945
12/27/25 2:56,0.24485,-64.0498
12/27/25 3:56,0.62543,-64.1053
12/27/25 4:56,1.00108,-64.168
12/27/25 5:56,1.3767,-64.2311
12/27/25 6:56,1.74872,-64.2929
12/27/25 7:56,2.12572,-64.3558
12/27/25 8:56,2.50051,-64.4181
12/27/25 9:56,2.86941,-64.4797
12/27/25 10:56,2.87397,-64.4806
12/27/25 11:56,2.87308,-64.481
12/27/25 12:56,2.87461,-64.4794
12/27/25 13:56,2.87941,-64.4763
12/27/25 14:56,2.88577,-64.4703
12/27/25 15:56,2.8865,-64.4642
12/27/25 16:56,2.88758,-64.4573
12/27/25 17:56,2.89296,-64.4712
12/27/25 18:56,2.87509,-64.4809
12/27/25 19:56,2.87534,-64.4815
12/27/25 20:56,2.87433,-64.4807
12/27/25 21:56,2.87369,-64.48
12/27/25 22:56,2.8748,-64.4798
12/27/25 23:56,2.83608,-64.4736
12/28/25 0:56,2.74881,-64.4591
12/28/25 1:56,2.73748,-64.5188
12/28/25 2:56,2.73543,-64.6967
12/28/25 3:56,2.7349,-64.8744
12/28/25 4:56,2.70596,-65.0505
12/28/25 5:56,2.6774,-65.2245
12/28/25 6:56,2.67056,-65.2527
12/28/25 7:56,2.67013,-65.2522
12/28/25 8:26,2.6703,-65.2523
12/28/25 10:56,2.66082,-65.242
12/28/25 11:56,2.65483,-65.2397
12/28/25 12:56,2.67803,-65.228
12/28/25 13:56,2.68498,-65.226
12/28/25 14:56,2.73354,-65.2249
12/28/25 15:56,2.72601,-65.2239
12/28/25 16:56,2.78565,-65.2301
12/28/25 17:56,2.85565,-65.2384
12/28/25 18:56,2.70997,-65.2523
12/28/25 19:56,2.71843,-65.2486
12/28/25 20:56,2.73407,-65.2419
12/28/25 21:56,2.74864,-65.2333
12/28/25 22:56,2.76536,-65.2259
12/28/25 23:56,2.77141,-65.2197
12/29/25 0:56,2.76909,-65.219
12/29/25 1:56,2.76665,-65.2191
12/29/25 2:56,2.76645,-65.2188
12/29/25 3:56,2.7716,-65.2127
12/29/25 4:56,2.77925,-65.2072
12/29/25 5:56,2.78541,-65.2007
12/29/25 6:56,2.70416,-65.2187
12/29/25 7:56,2.64336,-65.2383
12/29/25 8:56,2.65454,-65.2389
12/29/25 9:56,2.66229,-65.2358
12/29/25 10:56,2.65644,-65.2375
12/29/25 11:56,2.6366,-65.2795
12/29/25 12:56,2.32639,-65.3932
12/29/25 13:56,2.03481,-65.5158
12/29/25 14:56,1.7347,-65.6335
12/29/25 15:56,1.4379,-65.7527
12/29/25 16:56,1.32127,-65.7998
12/29/25 17:56,1.32154,-65.7997
12/29/25 18:56,1.32046,-65.8012
12/29/25 19:56,1.31822,-65.7996
12/29/25 20:56,1.32919,-65.7955
12/29/25 21:56,1.34257,-65.7897
12/29/25 22:56,1.36549,-65.79
12/29/25 23:56,1.3636,-65.795
12/30/25 0:56,1.36672,-65.7951
12/30/25 1:56,1.36468,-65.7942
12/30/25 2:56,1.35186,-65.8079
12/30/25 3:56,0.94762,-65.8565
12/30/25 4:56,0.5448,-65.9177
12/30/25 5:56,0.13641,-65.9779
12/30/25 6:56,-0.00084,-65.9988
12/30/25 7:56,-0.00015,-66.0001
12/30/25 8:56,0.00103,-65.9996
12/30/25 9:56,0.02929,-66.0015
12/30/25 10:56,-0.01221,-66.1554
12/30/25 11:56,-0.03208,-66.3241
12/30/25 12:56,-0.05791,-66.481
12/30/25 13:56,0.0432,-66.4814
12/30/25 14:56,0.03772,-66.4829
12/30/25 15:56,0.03404,-66.4802
12/30/25 16:56,0.03799,-66.4775
12/30/25 17:56,0.03499,-66.4739
12/30/25 18:56,0.03626,-66.473
12/30/25 19:56,0.036,-66.4722
12/30/25 20:56,0.03676,-66.4716
12/30/25 21:56,0.03116,-66.472
12/30/25 22:56,0.02402,-66.4519
12/30/25 23:56,0.01048,-66.428
12/31/25 0:56,0.03549,-66.4715
12/31/25 1:56,0.03742,-66.4707
12/31/25 2:56,0.03551,-66.4723
12/31/25 3:56,0.04999,-66.4439
12/31/25 4:56,0.08412,-66.4068
12/31/25 5:56,0.11593,-66.4347
12/31/25 6:56,0.08291,-66.608
12/31/25 7:56,0.04348,-66.7866
12/31/25 8:56,-0.0067,-66.968
12/31/25 9:56,-0.00031,-67.1374
12/31/25 10:56,0.00022,-67.3206
12/31/25 11:56,-0.01767,-67.5011
12/31/25 12:56,0.05603,-67.5013
12/31/25 13:56,0.07289,-67.4894
12/31/25 14:56,0.1014,-67.4795
12/31/25 15:56,0.1252,-67.4774
12/31/25 16:56,0.14534,-67.4793
12/31/25 17:56,0.00555,-67.5016
12/31/25 18:56,0.00503,-67.5018
12/31/25 19:56,0.0052,-67.5012
12/31/25 20:56,0.00211,-67.5745
12/31/25 21:56,-0.00019,-67.7483
12/31/25 22:56,0.00023,-67.9222
12/31/25 23:56,0.00092,-68.0712
1/1/26 0:56,-0.02184,-68.2025
1/1/26 1:56,-0.02589,-68.3599
1/1/26 2:56,-0.02301,-68.4972
1/1/26 3:56,-0.01267,-68.4992
1/1/26 4:56,0.0013,-68.501
1/1/26 5:56,-0.00151,-68.5001
1/1/26 6:56,4e-04,-68.4997
1/1/26 7:56,-3.00E-04,-68.5007
1/1/26 8:56,0.00474,-68.4987
1/1/26 9:56,-0.0061,-68.5005
1/1/26 10:56,-0.00539,-68.5051
1/1/26 11:56,-0.02204,-68.5069
1/1/26 12:56,-0.00861,-68.5065
1/1/26 13:56,-0.00448,-68.5114
1/1/26 14:56,0.01439,-68.5131
1/1/26 15:56,0.02423,-68.5089
1/1/26 16:56,0.01662,-68.5023
1/1/26 17:56,1e-05,-68.5006
1/1/26 18:56,0.00058,-68.4998
1/1/26 19:56,-0.00634,-68.4989
1/1/26 20:56,0.00015,-68.4998
1/1/26 21:56,0.00183,-68.5001
1/1/26 22:56,0.00021,-68.5003
1/1/26 23:56,0.00346,-68.502
1/2/26 0:56,0.00055,-68.4982
1/2/26 1:56,0.0103,-68.5004
1/2/26 2:56,0.03671,-68.5041
1/2/26 3:56,0.06706,-68.5072
1/2/26 4:56,-0.26038,-68.5866
1/2/26 5:56,-0.64715,-68.6779
1/2/26 6:56,-1.03018,-68.7699
1/2/26 7:56,-1.4184,-68.8604
1/2/26 8:56,-1.79762,-68.9529
1/2/26 9:56,-2.13818,-69.0406
1/2/26 10:56,-2.48613,-69.1273
1/2/26 11:56,-2.82832,-69.2124
1/2/26 12:56,-3.17935,-69.2991
1/2/26 13:56,-3.52328,-69.3837
1/2/26 14:56,-3.86386,-69.4675
1/2/26 15:56,-4.2259,-69.5559
1/2/26 16:56,-4.58546,-69.6435
1/2/26 17:56,-4.94063,-69.729
1/2/26 18:56,-5.2949,-69.8147
1/2/26 19:56,-5.65129,-69.9006
1/2/26 20:56,-5.98276,-69.9985
1/2/26 21:56,-6.37028,-70.0631
1/2/26 22:56,-6.70796,-70.1595
1/2/26 23:56,-7.05512,-70.2422
1/3/26 0:56,-7.43465,-70.3176
1/3/26 1:56,-7.7849,-70.4019
1/3/26 2:56,-8.11553,-70.4598
1/3/26 3:56,-8.13747,-70.462
1/3/26 4:56,-8.20089,-70.5031
1/3/26 5:56,-8.13418,-70.5169
1/3/26 6:56,-8.12669,-70.521
1/3/26 7:56,-8.12666,-70.521
1/3/26 8:56,-8.12661,-70.521
1/3/26 9:56,-8.12664,-70.5209
1/3/26 10:56,-8.12656,-70.5209
1/3/26 11:56,-8.12657,-70.5209
1/3/26 12:56,-8.12578,-70.5211
1/3/26 13:56,-8.20568,-70.5025
1/3/26 14:56,-8.20286,-70.5038
1/3/26 15:56,-8.20668,-70.5043
1/3/26 16:56,-8.20831,-70.5044
1/3/26 17:56,-8.20749,-70.5043
1/3/26 18:56,-8.20669,-70.5044
1/3/26 19:56,-8.20656,-70.5043
1/3/26 20:56,-8.20658,-70.5044
1/3/26 21:56,-8.2064,-70.5044
1/3/26 22:56,-8.20638,-70.5044
1/3/26 23:56,-8.20646,-70.5044
1/4/26 0:56,-8.2064,-70.5044
1/4/26 1:56,-8.20636,-70.5044
1/4/26 2:56,-8.20639,-70.5043
1/4/26 3:56,-8.20634,-70.5044
1/4/26 4:56,-8.20634,-70.5044
1/4/26 5:56,-8.20634,-70.5044
1/4/26 6:56,-8.20626,-70.5044
1/4/26 7:56,-8.20621,-70.5044
1/4/26 8:56,-8.2062,-70.5044
1/4/26 9:56,-8.20618,-70.5044
1/4/26 10:56,-8.20615,-70.5044
1/4/26 11:56,-8.20616,-70.5044
1/4/26 12:56,-8.20618,-70.5044
1/4/26 13:56,-8.20621,-70.5044
1/4/26 14:56,-8.20621,-70.5044
1/4/26 15:56,-8.20677,-70.5044
1/4/26 16:56,-8.2068,-70.5044
1/4/26 17:36,-8.20833,-70.5044
1/4/26 18:56,-8.20672,-70.5043
1/4/26 19:46,-8.20672,-70.5044
1/4/26 21:56,-8.20669,-70.5044
1/4/26 22:36,-8.2067,-70.5044
1/5/26 0:56,-8.20688,-70.5045
1/5/26 1:56,-8.2069,-70.5044
1/5/26 2:56,-8.20687,-70.5044
1/5/26 3:56,-8.20684,-70.5044
1/5/26 4:56,-8.20688,-70.5044
1/5/26 5:56,-8.20683,-70.5044
1/5/26 6:56,-8.20684,-70.5044
1/5/26 7:56,-8.2068,-70.5044
1/5/26 8:56,-8.2068,-70.5044
1/5/26 9:56,-8.20679,-70.5044
1/5/26 10:56,-8.20677,-70.5044
1/5/26 11:56,-8.20679,-70.5044
1/5/26 12:56,-8.20684,-70.5044
1/5/26 13:56,-8.20678,-70.5044
1/5/26 14:56,-8.20676,-70.5044
1/5/26 15:56,-8.20674,-70.5044
1/5/26 16:56,-8.20676,-70.5044
1/5/26 17:56,-8.20677,-70.5044
1/5/26 18:56,-8.20676,-70.5044
1/5/26 19:56,-8.20674,-70.5044
1/5/26 20:56,-8.20679,-70.5044
1/5/26 21:56,-8.20678,-70.5044
1/5/26 22:56,-8.20674,-70.5044
1/6/26 0:56,-8.20676,-70.5044
1/6/26 1:56,-8.20677,-70.5044
1/6/26 2:56,-8.20673,-70.5044
1/6/26 3:56,-8.20673,-70.5044
1/6/26 4:56,-8.20682,-70.5044
1/6/26 5:46,-8.20681,-70.5044
1/6/26 6:56,-8.20686,-70.5045
1/6/26 7:56,-8.20681,-70.5045
1/6/26 8:56,-8.20679,-70.5045
1/6/26 9:56,-8.20676,-70.5044
1/6/26 10:56,-8.20678,-70.5044
1/6/26 11:56,-8.20675,-70.5044
1/6/26 12:56,-8.20668,-70.5044
1/6/26 13:56,-8.20665,-70.5044
1/6/26 14:56,-8.20661,-70.5043
1/6/26 15:56,-8.2066,-70.5042
1/6/26 16:56,-8.47321,-70.4389
1/6/26 17:56,-8.7597,-70.3318
1/6/26 18:56,-9.20472,-70.3613
1/6/26 19:56,-9.60759,-70.3896
1/6/26 20:56,-10.0184,-70.4151
1/6/26 21:56,-10.4859,-70.4365
1/6/26 22:56,-10.5308,-70.4393
1/6/26 23:56,-10.5286,-70.4391
1/7/26 0:56,-10.5467,-70.4405
1/7/26 1:56,-10.6114,-70.4556
1/7/26 2:56,-10.687,-70.4798
1/7/26 3:56,-10.7428,-70.6155
1/7/26 4:56,-10.7932,-70.7469
1/7/26 5:56,-10.7935,-70.7477
1/7/26 6:56,-10.8325,-70.7558
1/7/26 7:56,-10.8333,-70.7574
1/7/26 8:56,-10.8339,-70.7592
1/7/26 9:56,-10.8431,-70.7693
1/7/26 10:56,-10.8578,-70.784
1/7/26 11:56,-10.8718,-70.79
1/7/26 12:56,-10.8666,-70.7646
1/7/26 13:56,-10.8152,-70.746
1/7/26 14:56,-10.7979,-70.7458
1/7/26 15:56,-10.7984,-70.7454
1/7/26 16:56,-10.8185,-70.746
1/7/26 17:56,-10.834,-70.7426
1/7/26 18:56,-10.8503,-70.7413
1/7/26 19:56,-10.872,-70.7426
1/7/26 20:56,-10.9087,-70.7375
1/7/26 21:56,-10.9542,-70.7569
1/7/26 22:56,-10.9852,-70.7701
1/7/26 23:56,-10.7985,-70.7459
1/8/26 0:56,-10.7986,-70.746
1/8/26 1:56,-10.7978,-70.746
1/8/26 2:56,-10.9301,-70.7294
1/8/26 3:56,-10.9869,-70.7377
1/8/26 4:56,-11.0872,-70.7635
1/8/26 5:56,-10.9712,-70.7643
1/8/26 6:56,-10.7928,-70.7461
1/8/26 7:56,-10.8634,-70.7861
1/8/26 8:56,-10.8627,-70.7868
1/8/26 9:56,-10.8594,-70.7839
1/8/26 10:56,-10.7694,-70.8014
1/8/26 11:56,-10.4765,-70.867
1/8/26 12:56,-10.4736,-70.865
1/8/26 13:56,-10.467,-70.8636
1/8/26 14:56,-10.4601,-70.867
1/8/26 15:56,-10.4579,-70.8723
1/8/26 16:56,-10.4537,-70.8751
1/8/26 17:56,-10.456,-70.8798
1/8/26 18:56,-10.4619,-70.8645
1/8/26 19:56,-10.4622,-70.8654
1/8/26 20:56,-10.4824,-70.8754
1/8/26 21:56,-10.5728,-70.844
1/8/26 22:56,-10.6017,-70.8417
1/8/26 23:56,-10.6098,-70.8374
1/9/26 0:56,-10.6152,-70.8374
1/9/26 1:56,-10.6065,-70.8424
1/9/26 2:56,-10.5867,-70.8399
1/9/26 3:57,-10.4792,-70.8672
1/9/26 4:56,-10.5822,-70.8383
1/9/26 5:56,-10.5761,-70.841
1/9/26 6:57,-10.5638,-70.844
1/9/26 7:57,-10.5545,-70.8467
1/9/26 8:57,-10.5427,-70.849
1/9/26 9:57,-10.5824,-70.8394
1/9/26 10:57,-10.6196,-70.8228
1/9/26 11:57,-10.6734,-70.7671
1/9/26 12:57,-10.6753,-70.763
1/9/26 13:57,-10.698,-70.7758
1/9/26 14:57,-10.7072,-70.7881
1/9/26 15:57,-10.7783,-70.7785
1/9/26 16:57,-10.8213,-70.7818
1/9/26 17:57,-10.7853,-70.7803
1/9/26 18:57,-10.7724,-70.7851
1/9/26 19:57,-10.7707,-70.7813
1/9/26 20:57,-10.7892,-70.7845
1/9/26 21:57,-10.7921,-70.7867
1/9/26 22:57,-10.7736,-70.7842
1/9/26 23:57,-10.7589,-70.7851
1/10/26 0:57,-10.743,-70.7879
1/10/26 1:57,-10.7354,-70.7801
1/10/26 2:57,-10.7087,-70.7575
1/10/26 3:57,-10.7716,-70.7693
1/10/26 4:57,-10.8635,-70.779
1/10/26 5:57,-10.6761,-70.785
1/10/26 6:57,-10.6711,-70.7605
1/10/26 7:57,-10.673,-70.7622
1/10/26 8:57,-10.8089,-70.7757
1/10/26 9:57,-10.867,-70.7743
1/10/26 10:57,-10.8863,-70.7803
1/10/26 11:57,-10.8945,-70.7795
1/10/26 12:57,-10.9007,-70.7805
1/10/26 13:57,-10.9118,-70.783
1/10/26 14:57,-10.9267,-70.7851
1/10/26 15:57,-10.9409,-70.7865
1/10/26 16:57,-10.9502,-70.789
1/10/26 17:57,-10.9589,-70.7902
1/10/26 18:57,-10.7126,-70.7259
1/10/26 19:57,-10.6373,-70.7054
1/10/26 20:57,-10.707,-70.7319
1/10/26 21:57,-10.7271,-70.7487
1/10/26 22:57,-10.5965,-70.6988
1/10/26 23:57,-10.5826,-70.7034
1/11/26 0:57,-10.5675,-70.7076
1/11/26 1:57,-10.5512,-70.7112
1/11/26 2:57,-10.5439,-70.7176
1/11/26 3:57,-10.6579,-70.6652
1/11/26 4:57,-10.6029,-70.5732
1/11/26 5:57,-10.6716,-70.6013
1/11/26 6:57,-10.7486,-70.6318
1/11/26 7:57,-10.6045,-70.567
1/11/26 8:57,-10.6012,-70.5655
1/11/26 9:57,-10.6011,-70.5654
1/11/26 10:57,-10.6024,-70.5654
1/11/26 11:57,-10.2548,-70.6472
1/11/26 12:57,-10.2722,-70.6504
1/11/26 13:57,-10.2478,-70.65
1/11/26 14:57,-10.2455,-70.6507
1/11/26 15:57,-10.3656,-70.6665
1/11/26 16:57,-10.5152,-70.6339
1/11/26 17:57,-10.5719,-70.6155
1/11/26 18:57,-10.6025,-70.5674
1/11/26 19:57,-10.5981,-70.5694
1/11/26 20:57,-10.5918,-70.5751
1/11/26 21:57,-10.5856,-70.5803
1/11/26 22:57,-10.5809,-70.586
1/11/26 23:57,-10.5791,-70.5884
1/12/26 0:57,-10.5812,-70.5885
1/12/26 1:57,-10.5773,-70.5896
1/12/26 2:57,-10.5794,-70.5888
1/12/26 3:57,-10.5765,-70.6186
1/12/26 4:57,-10.6042,-70.6999
1/12/26 5:57,-10.6006,-70.7
1/12/26 6:57,-10.6004,-70.7
1/12/26 7:57,-10.6001,-70.6998
1/12/26 8:57,-10.6006,-70.6978
1/12/26 9:57,-10.5993,-70.7159
1/12/26 10:57,-10.653,-70.7647
1/12/26 11:57,-10.7085,-70.7771
1/12/26 12:57,-10.711,-70.7755
1/12/26 13:57,-10.6734,-70.7924
1/12/26 14:57,-10.663,-70.7905
1/12/26 15:57,-10.8069,-70.7055
1/12/26 16:57,-10.9589,-70.647
1/12/26 17:47,-10.9733,-70.6525
1/12/26 18:57,-10.9828,-70.6553
1/12/26 19:57,-10.9743,-70.6683
1/12/26 20:57,-10.9696,-70.6755
1/12/26 21:57,-10.9579,-70.6768
1/12/26 22:57,-10.9462,-70.6775
1/12/26 23:57,-10.9323,-70.6778
1/13/26 0:57,-10.9266,-70.677
1/13/26 1:57,-10.9265,-70.6748
1/13/26 2:57,-10.9337,-70.6725
1/13/26 3:57,-10.9456,-70.6716
1/13/26 4:57,-10.8869,-70.7518
1/13/26 5:57,-10.7639,-70.9064
1/13/26 6:57,-10.7572,-70.9111
1/13/26 7:57,-10.7444,-70.9161
1/13/26 8:27,-10.7382,-70.9191
1/13/26 11:57,-10.7656,-70.9083
1/13/26 12:57,-10.7653,-70.9089
1/13/26 13:57,-10.8112,-70.8882
1/13/26 14:57,-10.977,-70.7156
1/13/26 15:57,-11.012,-70.567
1/13/26 16:57,-11.2033,-70.4231
1/13/26 17:57,-11.2009,-70.3994
1/13/26 18:57,-11.2024,-70.3998
1/13/26 19:57,-11.1663,-70.3783
1/13/26 20:57,-11.2112,-70.4076
1/13/26 21:57,-11.1491,-70.4171
1/13/26 22:57,-11.1616,-70.413
1/13/26 23:57,-11.1767,-70.408
1/14/26 0:57,-11.1891,-70.4033
1/14/26 1:57,-11.2075,-70.3974
1/14/26 2:57,-11.2236,-70.3924
1/14/26 3:57,-11.2062,-70.3998
1/14/26 4:57,-11.2189,-70.3979
1/14/26 5:57,-11.2508,-70.4002
1/14/26 6:57,-11.191,-70.3821
1/14/26 7:57,-11.0964,-70.3575
1/14/26 8:57,-11.0523,-70.348
1/14/26 9:57,-11.0541,-70.3475
1/14/26 10:57,-11.1194,-70.392
1/14/26 11:57,-11.1312,-70.4845
1/14/26 12:57,-11.0641,-70.4777
1/14/26 13:57,-11.0962,-70.4833
1/14/26 14:57,-11.119,-70.4775
1/14/26 15:57,-11.1483,-70.472
1/14/26 16:57,-11.353,-70.5218
1/14/26 17:57,-11.3399,-70.5164
1/14/26 18:57,-11.1353,-70.5931
1/14/26 19:57,-10.9918,-70.644
1/14/26 20:57,-10.9916,-70.6443
1/14/26 21:57,-10.9362,-70.664
1/14/26 22:57,-10.9326,-70.6643
1/14/26 23:57,-10.9475,-70.6602
1/15/26 0:57,-10.9717,-70.654
1/15/26 1:57,-10.9927,-70.648
1/15/26 2:57,-11.0051,-70.6443
1/15/26 3:57,-11.1431,-70.6726
1/15/26 4:57,-11.0579,-70.6695
1/15/26 5:57,-10.9639,-70.6662
1/15/26 6:57,-10.9941,-70.6444
1/15/26 7:57,-10.9965,-70.6462
1/15/26 8:57,-11.0067,-70.6507
1/15/26 9:57,-11.0113,-70.6451
1/15/26 10:57,-10.9935,-70.6437
1/15/26 11:57,-11.0001,-70.6648
1/15/26 12:57,-11.065,-70.807
1/15/26 13:57,-11.1128,-70.8768
1/15/26 14:57,-11.1183,-70.8896
1/15/26 15:57,-11.1221,-70.8895
1/15/26 16:57,-11.1368,-70.8863
1/15/26 17:57,-11.1476,-70.8824
1/15/26 18:57,-11.1587,-70.8787
1/15/26 19:57,-11.1638,-70.8763
1/15/26 20:57,-11.1742,-70.8729
1/15/26 21:57,-11.12,-70.8895
1/15/26 22:57,-11.1203,-70.8895
1/15/26 23:57,-11.1201,-70.8893
1/16/26 0:57,-11.1096,-70.8737
1/16/26 1:57,-11.1162,-70.8761
1/16/26 2:57,-11.0512,-70.8811
1/16/26 3:57,-10.762,-70.8634
1/16/26 4:57,-10.7987,-70.8197
1/16/26 5:57,-10.954,-70.6725
1/16/26 6:57,-11.009,-70.6447
1/16/26 7:57,-11.0081,-70.6436
1/16/26 8:57,-11.0075,-70.6418
1/16/26 9:57,-10.9107,-70.7218
1/16/26 10:57,-10.7477,-70.8739
1/16/26 11:57,-10.7063,-70.8933
1/16/26 12:57,-10.7232,-70.888
1/16/26 13:57,-10.7405,-70.8842
1/16/26 14:57,-10.7447,-70.8809
1/16/26 15:57,-10.7596,-70.8661
1/16/26 16:57,-10.7573,-70.866
1/16/26 17:57,-10.7603,-70.8637
1/16/26 18:57,-10.504,-70.9391
1/16/26 19:57,-10.48,-70.9314
1/16/26 20:57,-10.5311,-70.9444
1/16/26 21:57,-10.5085,-70.941
1/16/26 22:57,-10.5218,-70.943
1/16/26 23:57,-10.5269,-70.9435
1/17/26 0:57,-10.5277,-70.9434
1/17/26 1:57,-10.5315,-70.9435
1/17/26 2:57,-10.5038,-70.942
1/17/26 3:57,-10.5294,-70.9449
1/17/26 4:57,-10.5358,-70.9412
1/17/26 5:57,-10.5454,-70.9473
1/17/26 6:57,-10.5334,-70.9434
1/17/26 7:57,-10.525,-70.9388
1/17/26 8:57,-10.5553,-70.9414
1/17/26 9:57,-10.4721,-70.9365
1/17/26 10:57,-10.5363,-70.9441
1/17/26 11:57,-10.5346,-70.9444
1/17/26 12:57,-10.5474,-70.9487
1/17/26 13:57,-10.5385,-70.9447
1/17/26 14:57,-10.5305,-70.9413
1/17/26 15:57,-10.5344,-70.9346
1/17/26 16:57,-10.535,-70.9499
1/17/26 17:57,-10.5296,-70.9434
1/17/26 18:57,-10.5259,-70.9186
1/17/26 19:57,-10.5258,-70.919
1/17/26 20:57,-10.5294,-70.9175
1/17/26 21:57,-10.5463,-70.9183
1/17/26 22:57,-10.5516,-70.9191
1/17/26 23:57,-10.5259,-70.9175
1/18/26 0:57,-10.5271,-70.9155
1/18/26 1:57,-10.5264,-70.9183
1/18/26 2:57,-10.5266,-70.9172
1/18/26 3:57,-10.5208,-70.9174
1/18/26 4:57,-10.5279,-70.915
1/18/26 5:57,-10.5257,-70.9152
1/18/26 6:57,-10.5275,-70.9169
1/18/26 7:57,-10.5276,-70.915
1/18/26 8:57,-10.525,-70.9175
1/18/26 9:57,-10.5258,-70.9166
1/18/26 10:57,-10.5298,-70.9164
1/18/26 11:57,-10.5276,-70.9154
1/18/26 12:57,-10.5344,-70.9183
1/18/26 13:57,-10.5334,-70.9179
1/18/26 14:57,-10.5237,-70.9194
1/18/26 15:57,-10.5252,-70.9191
1/18/26 16:57,-10.5233,-70.9175
1/18/26 17:57,-10.5241,-70.9169
1/18/26 18:57,-10.5254,-70.9182
1/18/26 19:57,-10.5278,-70.9154
1/18/26 20:57,-10.5237,-70.9155
1/18/26 21:57,-10.53,-70.9148
1/18/26 22:57,-10.5247,-70.9148
1/18/26 23:57,-10.5279,-70.9152
1/19/26 0:57,-10.5403,-70.9176
1/19/26 1:57,-10.5248,-70.9152
1/19/26 2:57,-10.5174,-70.9156
1/19/26 3:57,-10.5297,-70.9165
1/19/26 4:57,-10.5327,-70.9175
1/19/26 5:57,-10.5264,-70.9153
1/19/26 6:57,-10.5248,-70.9166
1/19/26 7:57,-10.5231,-70.9162
1/19/26 8:57,-10.5245,-70.915
1/19/26 9:57,-10.5238,-70.9161
1/19/26 10:57,-10.5377,-70.9461
1/19/26 11:57,-10.5519,-70.9492
1/19/26 12:57,-10.5354,-70.9458
1/19/26 13:57,-10.5323,-70.9431
1/19/26 14:57,-10.5268,-70.9407
1/19/26 15:57,-10.5426,-70.9353
1/19/26 16:57,-10.5355,-70.9179
1/19/26 17:57,-10.5253,-70.916
1/19/26 18:57,-10.5226,-70.9154
1/19/26 19:57,-10.5257,-70.916
1/19/26 20:57,-10.5345,-70.919
1/19/26 21:57,-10.5274,-70.9157
1/19/26 22:57,-10.5272,-70.9149
1/19/26 23:57,-10.5224,-70.9145
1/20/26 0:57,-10.5271,-70.9144
1/20/26 1:57,-10.5261,-70.9133
1/20/26 2:57,-10.5263,-70.9123
1/20/26 3:57,-10.529,-70.9129
1/20/26 4:57,-10.6546,-70.885
1/20/26 5:57,-10.9021,-70.7996
1/20/26 6:57,-10.9011,-70.8014
1/20/26 7:47,-10.9121,-70.8004
1/20/26 8:57,-10.9255,-70.799
1/20/26 9:57,-10.9513,-70.7957
1/20/26 10:57,-10.9886,-70.7913
1/20/26 11:57,-11.013,-70.7883
1/20/26 12:57,-11.0365,-70.7976
1/20/26 13:57,-11.0018,-70.803
1/20/26 14:57,-10.9078,-70.8004
1/20/26 15:57,-10.9272,-70.8015
1/20/26 16:57,-10.9627,-70.8017
1/20/26 17:57,-10.9737,-70.7806
1/20/26 18:57,-10.8374,-70.6235
1/20/26 19:57,-10.6995,-70.4627
1/20/26 20:57,-10.6004,-70.3501
1/20/26 21:57,-10.6012,-70.35
1/20/26 22:57,-10.5955,-70.3496
1/20/26 23:57,-10.5989,-70.3503
1/21/26 0:57,-10.6106,-70.3502
1/21/26 1:57,-10.6179,-70.3483
1/21/26 2:57,-10.6119,-70.3491
1/21/26 3:57,-10.6021,-70.3504
1/21/26 4:57,-10.6013,-70.3498
1/21/26 5:57,-10.601,-70.3505
1/21/26 6:57,-10.5992,-70.3509
1/21/26 7:57,-10.6022,-70.3527
1/21/26 8:57,-10.61,-70.3508
1/21/26 9:57,-10.6256,-70.3449
1/21/26 10:57,-10.6495,-70.3386
1/21/26 11:57,-10.6595,-70.3338
1/21/26 12:57,-10.5567,-70.3532
1/21/26 13:57,-10.5002,-70.3518
1/21/26 14:57,-10.4348,-70.3472
1/21/26 15:57,-10.3039,-70.3542
1/21/26 16:57,-10.1939,-70.3618
1/21/26 17:57,-10.3771,-70.5241
1/21/26 18:57,-10.6038,-70.699
1/21/26 19:57,-10.5976,-70.6978
1/21/26 20:57,-10.6707,-70.7226
1/21/26 21:57,-10.9642,-70.7994
1/21/26 22:57,-10.9838,-70.8045
1/21/26 23:57,-10.9594,-70.8017
1/22/26 0:57,-10.9257,-70.8053
1/22/26 1:57,-10.9175,-70.8426
1/22/26 2:57,-10.7672,-70.9056
1/22/26 3:57,-10.5345,-70.9458
1/22/26 4:57,-10.5283,-70.9422
1/22/26 5:57,-10.8557,-70.9574
1/22/26 6:57,-11.3927,-71.0105
1/22/26 7:57,-11.7881,-71.1338
1/22/26 8:57,-12.3204,-71.1953
1/22/26 9:57,-12.6196,-71.3291
1/22/26 10:57,-12.9214,-71.4746
1/22/26 11:57,-13.1267,-71.639
1/22/26 12:57,-13.4895,-71.7694
1/22/26 13:57,-13.8978,-71.8493
1/22/26 14:57,-14.3142,-71.9385
1/22/26 15:57,-14.5436,-71.9856
1/22/26 16:57,-14.7552,-72.0446
1/22/26 17:57,-14.8019,-72.0472
1/22/26 18:57,-14.802,-72.0471
1/22/26 19:57,-14.8023,-72.047
1/22/26 20:57,-14.8018,-72.0472
1/22/26 21:57,-14.6772,-72.0396
1/22/26 22:57,-14.6717,-72.039
1/22/26 23:57,-14.3944,-72.0108
1/23/26 0:57,-13.9377,-71.8686
1/23/26 1:57,-13.5198,-71.7098
1/23/26 2:57,-13.1816,-71.5299
1/23/26 3:57,-12.8057,-71.3662
1/23/26 4:57,-12.395,-71.2354
1/23/26 5:47,-12.0136,-71.1903
1/23/26 6:57,-11.79,-71.1963
1/23/26 7:57,-11.7931,-71.196
1/23/26 8:57,-11.8031,-71.194
1/23/26 9:57,-11.8143,-71.1927
1/23/26 10:57,-11.823,-71.1923
1/23/26 11:57,-11.837,-71.1909
1/23/26 12:57,-11.8548,-71.1941
1/23/26 13:57,-11.87,-71.201
1/23/26 14:57,-11.8983,-71.2049
1/23/26 15:57,-11.9083,-71.2126
1/23/26 16:57,-11.9116,-71.2233
1/23/26 17:57,-11.9337,-71.2251
1/23/26 18:57,-11.9577,-71.2346
1/23/26 19:57,-11.9727,-71.2448
1/23/26 20:57,-11.989,-71.2493
1/23/26 21:57,-11.7798,-71.1515
1/23/26 22:57,-11.6226,-70.9949
1/23/26 23:57,-11.258,-70.888
1/24/26 0:47,-10.9134,-70.8291
1/24/26 1:47,-10.4769,-70.7473
1/24/26 2:57,-9.95456,-70.6516
1/24/26 3:57,-9.55034,-70.5673
1/24/26 4:57,-9.13999,-70.4907
1/24/26 5:57,-8.67344,-70.4583
1/24/26 6:57,-8.24977,-70.4714
1/24/26 7:57,-8.2179,-70.494
1/24/26 8:47,-8.22235,-70.4962
1/24/26 9:57,-8.22239,-70.4962
1/24/26 10:57,-8.22079,-70.4933
1/24/26 11:57,-8.22487,-70.4927
1/24/26 12:57,-8.21925,-70.5095
1/24/26 13:57,-8.21639,-70.5099
1/24/26 14:57,-8.22265,-70.5085
1/24/26 15:57,-8.499,-70.4484
1/24/26 16:57,-9.12608,-70.5025
1/24/26 17:57,-9.6771,-70.623
1/24/26 18:57,-10.3323,-70.6752
1/24/26 19:57,-10.8336,-70.8122
1/24/26 20:57,-11.2358,-70.8981
1/24/26 21:57,-11.6952,-71.0548
1/24/26 22:57,-12.1081,-71.0692
1/24/26 23:57,-12.7073,-71.113
1/25/26 0:57,-12.7884,-71.2349
1/25/26 1:57,-12.3306,-71.3012
1/25/26 2:57,-12.2545,-71.2693
1/25/26 3:57,-12.8068,-71.2687
1/25/26 4:57,-12.9887,-71.3125
1/25/26 5:57,-12.6149,-71.2849
1/25/26 6:57,-12.531,-71.2617
1/25/26 7:57,-12.5142,-71.257
1/25/26 8:57,-12.4884,-71.2543
1/25/26 9:57,-12.5146,-71.3385
1/25/26 10:57,-12.4648,-71.4409
1/25/26 11:57,-12.4662,-71.4429
1/25/26 12:57,-12.4648,-71.4442
1/25/26 13:57,-12.4546,-71.4455
1/25/26 15:57,-12.4724,-71.4196
1/25/26 16:57,-12.4199,-71.2168
1/25/26 17:57,-11.9334,-71.0862
1/25/26 18:57,-11.3809,-70.9837
1/25/26 19:57,-10.9074,-70.8643
1/25/26 20:57,-10.9528,-70.7517
1/25/26 21:57,-11.508,-70.7299
1/25/26 22:57,-12.0821,-70.6398
1/25/26 23:57,-12.6318,-70.5298
1/26/26 0:57,-13.19,-70.4175
1/26/26 2:57,-14.2797,-70.1963
1/26/26 3:57,-14.814,-70.0871
1/26/26 4:57,-15.341,-69.9786
1/26/26 5:57,-15.863,-69.8709
1/26/26 6:57,-16.3815,-69.763
1/26/26 7:57,-16.9041,-69.6538
1/26/26 8:57,-17.4237,-69.5411
1/26/26 9:57,-17.948,-69.4255
1/26/26 10:57,-18.4693,-69.3095
1/26/26 11:57,-19.0104,-69.2105
1/26/26 12:57,-19.4797,-69.0993
1/26/26 13:57,-20.034,-69.0176
1/26/26 14:57,-20.5785,-68.9261
1/26/26 15:57,-21.1237,-68.8329
1/26/26 16:57,-21.6652,-68.739
1/26/26 17:57,-22.212,-68.6496
1/26/26 18:57,-22.7626,-68.5644
1/26/26 19:57,-23.3111,-68.479
1/26/26 20:57,-23.8503,-68.3888
1/26/26 21:57,-24.37,-68.283
1/26/26 22:57,-24.8858,-68.1774
1/26/26 23:57,-25.3942,-68.0728
1/27/26 0:57,-25.8932,-67.9697
1/27/26 1:57,-26.3821,-67.8691
1/27/26 2:57,-26.8169,-67.7778
1/27/26 3:57,-27.3074,-67.6751
1/27/26 4:57,-27.7944,-67.5726
1/27/26 5:57,-28.2819,-67.47
1/27/26 6:57,-28.7721,-67.3714
1/27/26 7:57,-29.2467,-67.2672
1/27/26 8:57,-29.7187,-67.1643
1/27/26 9:57,-30.1654,-67.0496
1/27/26 10:57,-30.6005,-66.9224
1/27/26 11:57,-31.0332,-66.8632
1/27/26 12:57,-31.3012,-66.7686
1/27/26 13:57,-31.5526,-66.6494
1/27/26 14:57,-31.9617,-66.554
1/27/26 15:57,-32.4481,-66.4721
1/27/26 16:57,-32.9383,-66.3917
1/27/26 17:57,-33.447,-66.3204
1/27/26 18:57,-34.0281,-66.2545
1/27/26 19:57,-34.5384,-66.1679
1/27/26 20:57,-35.0733,-66.0554
1/27/26 21:57,-35.5886,-65.9341
1/27/26 22:57,-36.0973,-65.817
1/27/26 23:57,-36.6158,-65.722
1/28/26 0:57,-36.6301,-65.7218
1/28/26 1:57,-36.6345,-65.7202
1/28/26 2:57,-36.6392,-65.7208
1/28/26 3:57,-36.5836,-65.6923
1/28/26 4:57,-36.3054,-65.5529
1/28/26 5:57,-36.0386,-65.3962
1/28/26 6:57,-35.7396,-65.2464
1/28/26 7:57,-35.4401,-65.0938
1/28/26 8:57,-35.0076,-64.9855
1/28/26 9:57,-34.5663,-64.8656
1/28/26 10:57,-34.2571,-64.7388
1/28/26 11:57,-33.8067,-64.6611
1/28/26 12:57,-33.7193,-64.4807
1/28/26 13:57,-34.0531,-64.3154
1/28/26 14:57,-34.2389,-64.1166
1/28/26 15:57,-34.5794,-63.9583
1/28/26 16:57,-34.842,-63.7645
1/28/26 17:57,-35.0148,-63.5648
1/28/26 18:57,-35.172,-63.3536
1/28/26 19:57,-35.238,-63.1588
1/28/26 20:57,-35.2632,-62.9997
1/28/26 21:57,-35.1282,-62.8654
1/28/26 22:57,-35.2093,-62.699
1/28/26 23:57,-35.3939,-62.5065
1/29/26 0:57,-35.4652,-62.346
1/29/26 1:57,-35.526,-62.1519
1/29/26 2:57,-35.4929,-61.9532
1/29/26 3:57,-35.6817,-61.7802
1/29/26 4:57,-35.9818,-61.7255
1/29/26 5:57,-36.3685,-61.6296
1/29/26 6:57,-36.7971,-61.5553
1/29/26 7:57,-37.2312,-61.48
1/29/26 8:57,-37.6761,-61.4038
1/29/26 9:57,-38.0404,-61.2867
1/29/26 10:57,-38.3258,-61.1809
1/29/26 11:57,-38.7775,-61.1641
1/29/26 12:57,-39.2304,-61.171
1/29/26 13:57,-39.6951,-61.1768
1/29/26 14:57,-40.1461,-61.16
1/29/26 15:57,-40.608,-61.1527
1/29/26 16:57,-41.0695,-61.127
1/29/26 17:57,-41.523,-61.1246
1/29/26 18:57,-41.913,-61.1141
1/29/26 19:57,-42.3545,-61.1024
1/29/26 20:57,-42.8054,-61.0849
1/29/26 21:57,-43.2715,-61.0664
1/29/26 22:57,-43.7292,-61.0746
1/29/26 23:57,-44.173,-61.0408
1/30/26 0:57,-44.6191,-61.0112
1/30/26 1:57,-45.0717,-60.9823
1/30/26 2:57,-45.5233,-60.9595
1/30/26 3:57,-45.9487,-60.9295
1/30/26 4:57,-46.3664,-60.9243
1/30/26 5:57,-46.7317,-60.8765
1/30/26 6:57,-47.033,-60.831
1/30/26 7:47,-47.2813,-60.7908
1/30/26 8:57,-47.6311,-60.7155
1/30/26 9:57,-48.0588,-60.6262
1/30/26 10:57,-48.5077,-60.6177
1/30/26 11:57,-48.9081,-60.5512
1/30/26 12:57,-49.3281,-60.503
1/30/26 13:57,-49.7627,-60.4681
1/30/26 14:57,-50.213,-60.4632
1/30/26 15:57,-50.6664,-60.4529
1/30/26 16:57,-51.1198,-60.4207
1/30/26 17:57,-51.561,-60.3885
1/30/26 18:47,-51.9215,-60.3657
1/30/26 19:57,-52.4361,-60.3254
1/30/26 20:57,-52.8835,-60.2908
1/30/26 21:57,-53.3354,-60.2553
1/30/26 22:57,-53.7858,-60.2202
1/30/26 23:57,-54.2262,-60.1857
1/31/26 0:57,-54.6778,-60.1502
1/31/26 1:57,-55.1113,-60.1161
1/31/26 2:57,-55.5483,-60.0818
1/31/26 3:57,-55.9832,-60.0478
1/31/26 4:57,-56.4214,-60.0133
1/31/26 5:57,-56.794,-59.8896
1/31/26 6:57,-57.1001,-59.7233
1/31/26 7:57,-57.4022,-59.5583
1/31/26 8:57,-57.7018,-59.3938
1/31/26 9:57,-58.0008,-59.2289
1/31/26 10:57,-58.293,-59.0666
1/31/26 11:57,-58.5809,-58.9063
1/31/26 12:57,-58.879,-58.7398
1/31/26 13:57,-59.171,-58.5753
1/31/26 14:57,-59.4613,-58.4115
1/31/26 15:57,-59.7579,-58.2428
1/31/26 16:57,-60.0577,-58.072
1/31/26 17:57,-60.3469,-57.9062
1/31/26 18:57,-60.635,-57.7405
1/31/26 19:57,-60.9113,-57.5732
1/31/26 20:57,-61.182,-57.3995
1/31/26 21:57,-61.448,-57.2289
1/31/26 22:57,-61.7082,-57.0592
1/31/26 23:57,-61.9691,-56.8891
2/1/26 0:57,-62.2314,-56.7176
2/1/26 1:57,-62.491,-56.5471
2/1/26 2:57,-62.7571,-56.3712
2/1/26 3:57,-63.0261,-56.1931
2/1/26 4:57,-63.2996,-56.0103
2/1/26 5:57,-63.5687,-55.8305
2/1/26 6:47,-63.7843,-55.6856
2/1/26 7:57,-64.0813,-55.485
2/1/26 8:57,-64.3367,-55.3114
2/1/26 9:57,-64.5903,-55.1386
2/1/26 10:57,-64.8762,-55.0233
2/1/26 11:57,-64.9399,-54.846
2/1/26 12:57,-64.858,-54.6688
2/1/26 13:57,-64.9466,-54.4933
2/1/26 14:57,-65.1997,-54.3555
2/1/26 15:57,-65.4565,-54.2151
2/1/26 16:57,-65.7077,-54.0781
2/1/26 17:57,-65.9585,-53.9414
2/1/26 18:57,-66.2097,-53.804
2/1/26 19:57,-66.4447,-53.6707
2/1/26 20:57,-66.6816,-53.5394
2/1/26 21:57,-66.9162,-53.4086
2/1/26 22:57,-67.1497,-53.2782
2/1/26 23:57,-67.3807,-53.1489
2/2/26 0:57,-67.6091,-53.0204
2/2/26 1:57,-67.8337,-52.8939
2/2/26 2:57,-68.061,-52.7652
2/2/26 3:57,-68.2801,-52.6402
2/2/26 4:57,-68.496,-52.5146
2/2/26 5:57,-68.7814,-52.4335
2/2/26 6:57,-69.102,-52.3542
2/2/26 7:57,-69.3644,-52.3825
2/2/26 8:57,-69.5421,-52.4777
2/2/26 9:57,-69.6915,-52.5757
2/2/26 10:57,-69.9742,-52.6674
2/2/26 11:57,-70.3203,-52.72
2/2/26 12:57,-70.4841,-52.8979
2/2/26 13:57,-70.6718,-53.0423
2/2/26 14:57,-70.8562,-53.1251
2/2/26 15:57,-70.8583,-53.1255
2/2/26 16:57,-70.8583,-53.1255
2/2/26 17:57,-70.8583,-53.1255
2/2/26 18:57,-70.8583,-53.1254
2/2/26 19:57,-70.8583,-53.1254
2/2/26 20:57,-70.8583,-53.1254
2/2/26 21:57,-70.8583,-53.1254
2/2/26 22:57,-70.8583,-53.1254
2/2/26 23:57,-70.8583,-53.1254